{"stats":{"minecraft:crafted":{"minecraft:shield":4,"minecraft:leather_chestplate":9,"minecraft:leather_leggings":4,"minecraft:leather_boots":4,"minecraft:leather_helmet":18},"minecraft:used":{"minecraft:light_blue_stained_glass_pane":13,"minecraft:orange_dye":31,"minecraft:light_blue_banner":18,"minecraft:nether_brick_fence":2,"minecraft:blue_terracotta":15,"minecraft:light_gray_dye":75,"minecraft:polished_granite_stairs":103,"minecraft:polished_deepslate":82,"minecraft:chiseled_deepslate":58,"minecraft:light_gray_stained_glass_pane":68,"minecraft:cut_red_sandstone_slab":21,"minecraft:smooth_quartz_slab":830,"minecraft:bamboo_sign":64,"minecraft:spruce_slab":158,"minecraft:red_sandstone_slab":9,"minecraft:dispenser":268,"minecraft:polished_blackstone":525,"minecraft:elytra":14,"minecraft:ladder":31,"minecraft:mangrove_fence_gate":3,"minecraft:oak_sign":79,"minecraft:mangrove_button":8,"minecraft:black_carpet":64,"minecraft:polished_basalt":254,"minecraft:white_concrete_powder":1,"minecraft:green_banner":17,"minecraft:chest":55,"minecraft:stone":525,"minecraft:white_shulker_box":61,"minecraft:quartz_stairs":555,"minecraft:warped_sign":254,"minecraft:bell":2,"minecraft:player_head":76,"minecraft:smooth_sandstone_stairs":24,"minecraft:waxed_weathered_cut_copper_stairs":44,"minecraft:iron_chestplate":3,"minecraft:white_candle":2,"minecraft:debug_stick":5037,"minecraft:prismarine_brick_stairs":20,"minecraft:brick_slab":3,"minecraft:jungle_planks":95,"minecraft:deepslate_tile_slab":344,"minecraft:jungle_slab":32,"minecraft:deepslate_brick_slab":44,"minecraft:yellow_candle":2,"minecraft:furnace_minecart":14,"minecraft:acacia_button":6,"minecraft:beehive":5,"minecraft:milk_bucket":2,"minecraft:stripped_spruce_log":5,"minecraft:polished_deepslate_stairs":43,"minecraft:red_sandstone_stairs":16,"minecraft:polished_blackstone_slab":298,"minecraft:glass":123,"minecraft:waxed_oxidized_copper":84,"minecraft:cyan_terracotta":216,"minecraft:bricks":115,"minecraft:quartz_pillar":72,"minecraft:mangrove_stairs":65,"minecraft:quartz_slab":756,"minecraft:black_stained_glass_pane":103,"minecraft:lantern":12,"minecraft:polished_andesite_stairs":222,"minecraft:quartz_block":669,"minecraft:polished_blackstone_brick_wall":151,"minecraft:iron_helmet":1,"minecraft:dark_oak_slab":12,"minecraft:cherry_leaves":25,"minecraft:waxed_weathered_cut_copper":14,"minecraft:hopper_minecart":1,"minecraft:dark_oak_button":6,"minecraft:diorite_wall":452,"minecraft:stone_brick_stairs":49,"minecraft:stone_bricks":38,"minecraft:blue_banner":10,"minecraft:item_frame":1081,"minecraft:spruce_hanging_sign":6,"minecraft:stripped_mangrove_log":1,"minecraft:birch_button":5,"minecraft:birch_trapdoor":51,"minecraft:red_carpet":53,"minecraft:repeater":3,"minecraft:red_nether_brick_wall":27,"minecraft:snow":211,"minecraft:brown_carpet":5,"minecraft:scaffolding":34,"minecraft:jungle_button":1,"minecraft:furnace":8,"minecraft:mangrove_slab":112,"minecraft:acacia_fence":80,"minecraft:polished_diorite_stairs":28,"minecraft:skeleton_skull":32,"minecraft:gray_banner":137,"minecraft:dragon_head":21,"minecraft:dark_prismarine_stairs":11,"minecraft:polished_blackstone_stairs":587,"minecraft:stripped_spruce_wood":70,"minecraft:light_blue_carpet":3,"minecraft:deepslate_brick_wall":142,"minecraft:chiseled_polished_blackstone":3,"minecraft:bamboo_trapdoor":48,"minecraft:dark_oak_stairs":23,"minecraft:bamboo_mosaic":2,"minecraft:waxed_oxidized_cut_copper_slab":129,"minecraft:ink_sac":16,"minecraft:end_rod":126,"minecraft:stripped_acacia_log":17,"minecraft:wither_skeleton_skull":6,"minecraft:gray_carpet":98,"minecraft:infested_stone":4,"minecraft:powered_rail":8,"minecraft:acacia_trapdoor":218,"minecraft:dark_oak_sign":641,"minecraft:blackstone_stairs":88,"minecraft:mangrove_planks":81,"minecraft:oak_planks":12,"minecraft:blackstone":55,"minecraft:polished_diorite_slab":32,"minecraft:leather_chestplate":4,"minecraft:sandstone":112,"minecraft:redstone_block":928,"minecraft:structure_void":130,"minecraft:parrot_spawn_egg":1,"minecraft:large_amethyst_bud":6,"minecraft:smooth_quartz_stairs":527,"minecraft:bamboo_stairs":52,"minecraft:white_wool":2,"minecraft:dark_oak_trapdoor":186,"minecraft:purpur_stairs":2,"minecraft:yellow_terracotta":777,"minecraft:loom":13,"minecraft:waxed_weathered_cut_copper_slab":16,"minecraft:blast_furnace":6,"minecraft:black_banner":421,"minecraft:smooth_red_sandstone":81,"minecraft:light_gray_terracotta":2,"minecraft:yellow_concrete":929,"minecraft:cyan_dye":7,"minecraft:sponge":131,"minecraft:blackstone_wall":1,"minecraft:gray_concrete":1684,"minecraft:stone_brick_wall":201,"minecraft:red_sandstone_wall":117,"minecraft:deepslate_brick_stairs":95,"minecraft:lightning_rod":37,"minecraft:birch_fence":24,"minecraft:deepslate_tiles":352,"minecraft:redstone_torch":32,"minecraft:black_terracotta":273,"minecraft:lever":98,"minecraft:black_concrete":106,"minecraft:firework_rocket":3766,"minecraft:gray_shulker_box":3,"minecraft:daylight_detector":5,"minecraft:birch_fence_gate":47,"minecraft:crying_obsidian":1,"minecraft:birch_slab":2,"minecraft:dark_oak_log":23,"minecraft:light_gray_concrete":9,"minecraft:lime_carpet":2,"minecraft:stone_button":86,"minecraft:warped_slab":29,"minecraft:barrier":44,"minecraft:light_gray_candle":4,"minecraft:cyan_carpet":29,"minecraft:spore_blossom":5,"minecraft:lectern":12,"minecraft:red_terracotta":30,"minecraft:polished_granite":156,"minecraft:oak_pressure_plate":4,"minecraft:cherry_sign":20,"minecraft:cut_red_sandstone":15,"minecraft:prismarine_wall":6,"minecraft:lilac":2,"minecraft:flowering_azalea_leaves":2,"minecraft:polished_andesite_slab":230,"minecraft:smooth_red_sandstone_slab":221,"minecraft:dead_horn_coral_fan":2,"minecraft:grindstone":41,"minecraft:dark_oak_fence":145,"minecraft:medium_amethyst_bud":2,"minecraft:waxed_oxidized_cut_copper_stairs":51,"minecraft:andesite":30,"minecraft:chain":143,"minecraft:mossy_cobblestone_wall":6,"minecraft:smooth_stone_slab":191,"minecraft:waxed_cut_copper_stairs":60,"minecraft:white_concrete":1602,"minecraft:bamboo_mosaic_slab":60,"minecraft:diorite_stairs":29,"minecraft:oak_fence":2,"minecraft:oak_trapdoor":106,"minecraft:netherite_sword":1,"minecraft:polished_blackstone_brick_slab":109,"minecraft:iron_bars":164,"minecraft:enchanting_table":9,"minecraft:waxed_weathered_copper":15,"minecraft:acacia_log":70,"minecraft:orange_concrete":10,"minecraft:flint_and_steel":1,"minecraft:red_concrete":1,"minecraft:armor_stand":239,"minecraft:light_gray_carpet":80,"minecraft:light_blue_terracotta":2,"minecraft:spruce_planks":23,"minecraft:tinted_glass":35,"minecraft:ender_chest":5,"minecraft:polished_blackstone_wall":186,"minecraft:sandstone_wall":53,"minecraft:structure_block":188,"minecraft:torch":145,"minecraft:light_gray_shulker_box":8,"minecraft:end_stone_brick_wall":4,"minecraft:brewing_stand":3,"minecraft:anvil":78,"minecraft:dirt":2,"minecraft:spyglass":2,"minecraft:red_nether_brick_slab":7,"minecraft:white_carpet":129,"minecraft:light_blue_dye":4,"minecraft:hopper":63,"minecraft:prismarine_bricks":6,"minecraft:spruce_stairs":32,"minecraft:cobblestone_wall":34,"minecraft:stone_stairs":159,"minecraft:warped_door":1,"minecraft:yellow_carpet":80,"minecraft:pink_dye":1,"minecraft:jungle_trapdoor":30,"minecraft:golden_chestplate":1,"minecraft:polished_granite_slab":164,"minecraft:warped_pressure_plate":4,"minecraft:spruce_fence":5,"minecraft:mud_brick_stairs":14,"minecraft:oak_fence_gate":6,"minecraft:polished_diorite":278,"minecraft:orange_candle":1,"minecraft:purple_banner":2,"minecraft:andesite_wall":81,"minecraft:birch_door":11,"minecraft:dark_oak_planks":2,"minecraft:stone_brick_slab":19,"minecraft:red_shulker_box":1,"minecraft:sea_lantern":716,"minecraft:chipped_anvil":1,"minecraft:bamboo_fence":30,"minecraft:light_gray_stained_glass":44,"minecraft:gray_dye":20,"minecraft:smooth_sandstone":27,"minecraft:bamboo_hanging_sign":1,"minecraft:iron_block":50,"minecraft:light_weighted_pressure_plate":4,"minecraft:oak_stairs":154,"minecraft:acacia_slab":180,"minecraft:polished_deepslate_wall":21,"minecraft:brick_stairs":19,"minecraft:warped_fence":18,"minecraft:birch_hanging_sign":11,"minecraft:crimson_slab":16,"minecraft:polished_blackstone_brick_stairs":108,"minecraft:smooth_quartz":1134,"minecraft:totem_of_undying":27,"minecraft:mud_bricks":1335,"minecraft:crimson_planks":24,"minecraft:barrel":15,"minecraft:light_gray_wool":15,"minecraft:basalt":8,"minecraft:tripwire_hook":8,"minecraft:waxed_cut_copper_slab":9,"minecraft:lime_concrete":2,"minecraft:warped_stairs":76,"minecraft:black_stained_glass":227,"minecraft:iron_trapdoor":1216,"minecraft:dark_oak_pressure_plate":6,"minecraft:lime_stained_glass":8,"minecraft:deepslate_tile_stairs":287,"minecraft:black_dye":12,"minecraft:white_stained_glass_pane":32,"minecraft:minecart":4,"minecraft:cyan_banner":22,"minecraft:granite_wall":143,"minecraft:acacia_planks":144,"minecraft:stone_pressure_plate":6,"minecraft:mossy_stone_brick_wall":2,"minecraft:red_dye":103,"minecraft:orange_stained_glass_pane":1,"minecraft:observer":21,"minecraft:orange_terracotta":143,"minecraft:light_gray_bed":12,"minecraft:bamboo_planks":52,"minecraft:cobbled_deepslate_wall":10,"minecraft:water_bucket":749,"minecraft:yellow_banner":111,"minecraft:nether_brick_wall":5,"minecraft:warped_hanging_sign":8,"minecraft:prismarine_brick_slab":9,"minecraft:dark_oak_hanging_sign":92,"minecraft:birch_planks":3,"minecraft:yellow_shulker_box":2,"minecraft:polished_andesite":509,"minecraft:mud_brick_slab":103,"minecraft:andesite_slab":54,"minecraft:waxed_oxidized_cut_copper":62,"minecraft:smooth_sandstone_slab":42,"minecraft:cauldron":21,"minecraft:spruce_sign":16,"minecraft:white_dye":81,"minecraft:red_glazed_terracotta":1,"minecraft:green_bed":1,"minecraft:stonecutter":8,"minecraft:glow_ink_sac":41,"minecraft:spruce_fence_gate":35,"minecraft:leather_boots":1,"minecraft:deepslate_bricks":108,"minecraft:conduit":14,"minecraft:waxed_copper_block":16,"minecraft:polished_blackstone_bricks":318,"minecraft:mangrove_trapdoor":72,"minecraft:bamboo_mosaic_stairs":26,"minecraft:acacia_hanging_sign":14,"minecraft:orange_carpet":35,"minecraft:glow_item_frame":122,"minecraft:light_gray_banner":120,"minecraft:polished_blackstone_pressure_plate":13,"minecraft:polished_deepslate_slab":47,"minecraft:lime_terracotta":14,"minecraft:brown_dye":1,"minecraft:comparator":8,"minecraft:rail":33,"minecraft:terracotta":135,"minecraft:music_disc_cat":2,"minecraft:dark_prismarine_slab":19,"minecraft:oak_slab":88,"minecraft:tnt":1,"minecraft:crafting_table":39,"minecraft:crimson_trapdoor":11,"minecraft:brown_banner":9,"minecraft:birch_sign":215,"minecraft:yellow_stained_glass_pane":11,"minecraft:light_gray_concrete_powder":3,"minecraft:dark_oak_fence_gate":266,"minecraft:smoker":14,"minecraft:mangrove_sign":150,"minecraft:warped_planks":81,"minecraft:painting":10,"minecraft:magenta_carpet":1,"minecraft:infested_stone_bricks":7,"minecraft:smooth_red_sandstone_stairs":133,"minecraft:cake":9,"minecraft:spruce_log":13,"minecraft:bamboo_fence_gate":15,"minecraft:dark_oak_door":9,"minecraft:deepslate_tile_wall":165,"minecraft:amethyst_cluster":8,"minecraft:gray_terracotta":1,"minecraft:piston":542,"minecraft:dark_prismarine":19,"minecraft:yellow_dye":28,"minecraft:flower_pot":7,"minecraft:light":25,"minecraft:acacia_stairs":169,"minecraft:black_wool":212,"minecraft:warped_trapdoor":90,"minecraft:acacia_sign":303,"minecraft:mangrove_pressure_plate":2,"minecraft:command_block":98,"minecraft:oak_button":5,"minecraft:gray_candle":5,"minecraft:detector_rail":2,"minecraft:leather_helmet":1,"minecraft:cyan_concrete":33,"minecraft:stone_slab":368,"minecraft:purpur_slab":7,"minecraft:spruce_trapdoor":69,"minecraft:bamboo_slab":40,"minecraft:yellow_wool":219,"minecraft:acacia_fence_gate":71,"minecraft:crimson_sign":32,"minecraft:magenta_banner":4,"minecraft:blue_carpet":26,"minecraft:green_carpet":17,"minecraft:chiseled_stone_bricks":48,"minecraft:potion":19,"minecraft:azalea_leaves":1,"minecraft:crimson_stairs":33,"minecraft:orange_banner":33,"minecraft:acacia_pressure_plate":2,"minecraft:mud_brick_wall":298,"minecraft:cyan_stained_glass_pane":59,"minecraft:white_banner":62,"minecraft:andesite_stairs":20,"minecraft:warped_fence_gate":7,"minecraft:glass_pane":270,"minecraft:red_banner":39,"minecraft:sandstone_slab":2,"minecraft:black_candle":3,"minecraft:yellow_bed":8,"minecraft:end_portal_frame":1,"minecraft:polished_blackstone_button":43,"minecraft:stripped_oak_log":1,"minecraft:gray_wool":13,"minecraft:jukebox":2,"minecraft:smooth_stone":121,"minecraft:splash_potion":3,"minecraft:birch_stairs":1,"minecraft:soul_torch":2},"minecraft:killed":{"minecraft:parrot":1},"minecraft:dropped":{"minecraft:bamboo_trapdoor":1,"minecraft:iron_sword":1,"minecraft:oak_pressure_plate":1,"minecraft:elytra":1,"minecraft:black_banner":4,"minecraft:item_frame":1,"minecraft:light_weighted_pressure_plate":1,"minecraft:deepslate_tile_stairs":2,"minecraft:gray_concrete":1,"minecraft:chain":1,"minecraft:wooden_sword":3,"minecraft:polished_blackstone_bricks":1,"minecraft:light_blue_banner":1,"minecraft:netherite_sword":1,"minecraft:stone_stairs":1,"minecraft:acacia_stairs":1,"minecraft:orange_banner":9,"minecraft:heavy_weighted_pressure_plate":1,"minecraft:yellow_banner":1,"minecraft:polished_blackstone_button":1,"minecraft:stick":1,"minecraft:iron_trapdoor":1,"minecraft:stonecutter":1,"minecraft:gray_carpet":1,"minecraft:waxed_weathered_cut_copper_stairs":1,"minecraft:player_head":1,"minecraft:totem_of_undying":17,"minecraft:diamond_sword":1,"minecraft:golden_sword":1,"minecraft:birch_sign":2},"minecraft:custom":{"minecraft:interact_with_crafting_table":36,"minecraft:open_barrel":2,"minecraft:open_shulker_box":77,"minecraft:bell_ring":1,"minecraft:clean_banner":15,"minecraft:eat_cake_slice":1,"minecraft:leave_game":201,"minecraft:time_since_death":347856,"minecraft:sprint_one_cm":9607861,"minecraft:drop":61,"minecraft:play_time":7680542,"minecraft:deaths":2,"minecraft:jump":21283,"minecraft:interact_with_brewingstand":2,"minecraft:walk_on_water_one_cm":200274,"minecraft:play_record":2,"minecraft:interact_with_loom":19,"minecraft:sleep_in_bed":7,"minecraft:open_enderchest":8,"minecraft:damage_dealt":60,"minecraft:crouch_one_cm":1317760,"minecraft:interact_with_smoker":10,"minecraft:inspect_dispenser":339,"minecraft:interact_with_anvil":33,"minecraft:mob_kills":1,"minecraft:inspect_hopper":8,"minecraft:fill_cauldron":11,"minecraft:climb_one_cm":16102,"minecraft:walk_one_cm":12499299,"minecraft:sneak_time":525148,"minecraft:walk_under_water_one_cm":291740,"minecraft:interact_with_blast_furnace":6,"minecraft:total_world_time":12708528,"minecraft:interact_with_grindstone":18,"minecraft:interact_with_stonecutter":1,"minecraft:time_since_rest":347879,"minecraft:damage_taken":13086,"minecraft:swim_one_cm":48408,"minecraft:fly_one_cm":53186676,"minecraft:open_chest":12,"minecraft:aviate_one_cm":38616768,"minecraft:fall_one_cm":133036},"minecraft:picked_up":{"minecraft:chiseled_deepslate":4,"minecraft:birch_door":1,"minecraft:black_carpet":2,"minecraft:redstone_block":1,"minecraft:iron_trapdoor":1,"minecraft:diamond_sword":1,"minecraft:birch_button":1,"minecraft:golden_sword":1,"minecraft:music_disc_cat":2,"minecraft:smooth_stone_slab":1,"minecraft:armor_stand":3,"minecraft:oak_sign":2,"minecraft:smooth_stone":1,"minecraft:light_weighted_pressure_plate":1,"minecraft:acacia_sign":8,"minecraft:redstone_torch":1,"minecraft:stick":1,"minecraft:polished_blackstone_brick_slab":1,"minecraft:torch":2,"minecraft:warped_button":1,"minecraft:deepslate_tile_stairs":2,"minecraft:light_gray_banner":5,"minecraft:yellow_banner":11,"minecraft:green_banner":2,"minecraft:light_gray_bed":8,"minecraft:cyan_terracotta":2,"minecraft:feather":2,"minecraft:repeater":1,"minecraft:orange_carpet":2,"minecraft:gray_concrete":1,"minecraft:stonecutter":1,"minecraft:dark_oak_sign":33,"minecraft:birch_hanging_sign":1,"minecraft:powered_rail":2,"minecraft:oak_pressure_plate":1,"minecraft:polished_blackstone_slab":19,"minecraft:black_stained_glass_pane":2,"minecraft:acacia_stairs":1,"minecraft:yellow_stained_glass_pane":1,"minecraft:lever":39,"minecraft:polished_blackstone_button":7,"minecraft:mangrove_button":1,"minecraft:orange_banner":2,"minecraft:acacia_button":1,"minecraft:chain":1,"minecraft:shield":10,"minecraft:heavy_weighted_pressure_plate":1,"minecraft:elytra":1,"minecraft:red_bed":3,"minecraft:stone_stairs":1,"minecraft:wooden_sword":3,"minecraft:quartz_slab":1,"minecraft:item_frame":178,"minecraft:white_carpet":11,"minecraft:cyan_carpet":3,"minecraft:netherite_sword":1,"minecraft:player_head":5,"minecraft:quartz_stairs":1,"minecraft:polished_deepslate_slab":1,"minecraft:glow_item_frame":8,"minecraft:cut_red_sandstone_slab":16,"minecraft:polished_blackstone_bricks":1,"minecraft:stone_button":7,"minecraft:mangrove_sign":1,"minecraft:light_gray_stained_glass_pane":28,"minecraft:bamboo_button":1,"minecraft:bamboo_sign":2,"minecraft:light_blue_stained_glass_pane":2,"minecraft:yellow_terracotta":1,"minecraft:warped_sign":11,"minecraft:black_banner":4,"minecraft:totem_of_undying":17,"minecraft:polished_blackstone":1,"minecraft:jungle_button":1,"minecraft:white_banner":11,"minecraft:light_blue_banner":3,"minecraft:gray_carpet":5,"minecraft:waxed_weathered_cut_copper_stairs":1,"minecraft:polished_andesite_slab":5,"minecraft:iron_sword":1,"minecraft:scaffolding":29,"minecraft:stone_brick_slab":1,"minecraft:red_banner":7,"minecraft:white_bed":6,"minecraft:green_carpet":1,"minecraft:bamboo_trapdoor":1,"minecraft:gray_banner":2,"minecraft:birch_sign":5,"minecraft:dark_oak_hanging_sign":1,"minecraft:red_nether_brick_slab":3,"minecraft:acacia_slab":3}},"DataVersion":3465}